<?xml version="1.0" encoding="utf-8" standalone="no"?>
<vehicle type="JD7x10">
    <annotation>Copyright (C) GIANTS Software GmbH, All Rights Reserved.</annotation>
	
    <storeData>
        <name>7010</name>
        <specs>
            <power>140</power>
            <maxSpeed>42</maxSpeed>
        </specs>
        <functions>
            <function>$l10n_function_tractor</function>
        </functions>
        <image>store_7010.png</image>
        <price>70000</price>
        <lifetime>600</lifetime>
        <rotation>0</rotation>
        <brand>JOHNDEERE</brand>
        <category>tractorsM</category>
        <vertexBufferMemoryUsage>2561348</vertexBufferMemoryUsage>
        <indexBufferMemoryUsage>397776</indexBufferMemoryUsage>
        <textureMemoryUsage>20201888</textureMemoryUsage>
        <instanceVertexBufferMemoryUsage>0</instanceVertexBufferMemoryUsage>
        <instanceIndexBufferMemoryUsage>0</instanceIndexBufferMemoryUsage>
    </storeData>
	
    <base>
        <typeDesc>$l10n_typeDesc_tractor</typeDesc>
        <filename>JohnDeere7010.i3d</filename>
        <size width="3.5" length="5.5"/>
        <components>
            <component centerOfMass="0 0.8 0.3" solverIterationCount="10" mass="5500" />
            <component centerOfMass="0 0.0 0" solverIterationCount="20" mass="2500" />
            <joint component1="1" component2="2" node="frontAxisJoint" rotLimit="0 0 10" transLimit="0 0 0" maxRotDriveForce="0 0 10" rotDriveRotation="- - 0" rotDriveSpring="0 0 25" rotDriveDamping="0 0 15"/>
        </components>
        <schemaOverlay attacherJointPosition="0 0">
            <default name="DEFAULT_VEHICLE"/>
            <turnedOn name="DEFAULT_VEHICLE_ON"/>
            <selected name="DEFAULT_VEHICLE_SELECTED"/>
            <turnedOnSelected name="DEFAULT_VEHICLE_SELECTED_ON"/>
        </schemaOverlay>
    </base>
	
	<!-- If you only want to active it for a specific configuration/configurations -->
	<!-- <tirePressure min="60" configurationName="wheel" configurationIndices="2 8 9"> -->
	<tirePressure configurationName="wheel" configurationIndices="2 4">
		<sounds>
            <air template="DEFAULT_SOWING_AIR_BLOWER">
			<volume indoor="0.4" outdoor="0.85" />
				<pitch indoor="1.0" outdoor="1.0" >
					<modifier type="VALVE_LOAD" value="0.00" modifiedValue="0.80" />
					<modifier type="VALVE_LOAD" value="1.00" modifiedValue="1.20" />
				</pitch>
			</air>
		</sounds>
		<dashboards>
			<!--<dashboard displayType="NUMBER" valueType="currentTirePressure" numbers="numbersTirePressure" numberColor="0 0 0 0.6" precision="2" groups="MOTOR_ACTIVE"/>-->
			<dashboard displayType="NUMBER" valueType="currentTirePressure" numbers="numbersTirePressure" numberColor="0 0 0 0" precision="2" groups="MOTOR_ACTIVE"/>
		</dashboards>
	</tirePressure>
	
    <wheels>
        <wheelConfigurations>
			<wheelConfiguration name="$l10n_configuration_valueDefault" price="0" brand="TRELLEBORG">
                <wheels autoRotateBackSpeed="2.0">
                    <wheel filename="wheels/600_65R28.xml"  isLeft="true" hasTireTracks="true" hasParticles="true" >
                        <physics rotSpeed="1" restLoad="2.8" repr="axisFrontLeft"  driveNode="wheelFrontLeft"  forcePointRatio="0.5" initialCompression="25" suspTravel="0.27" spring="38" damper="60" />
                        <fender node="fenderFrontLeft" rotMax="28" />
                    </wheel>
                    <wheel filename="wheels/600_65R28.xml"  isLeft="false" hasTireTracks="true" hasParticles="true" >
                        <physics rotSpeed="1" restLoad="2.8" repr="axisFrontRight" driveNode="wheelFrontRight" forcePointRatio="0.5" initialCompression="25" suspTravel="0.27" spring="38" damper="60" />
                        <fender node="fenderFrontRight" rotMin="-28.5" />
                    </wheel>
                    <wheel filename="wheels/710_70R38.xml"  isLeft="true" hasTireTracks="true" hasParticles="true" >
                        <physics rotSpeed="0" restLoad="2.7" repr="wheelBackLeft"  forcePointRatio="0.5" initialCompression="20" suspTravel="0.33" spring="34" damper="60" />
                    </wheel>
                    <wheel filename="wheels/710_70R38.xml"  isLeft="false" hasTireTracks="true" hasParticles="true" >
                        <physics rotSpeed="0" restLoad="2.7" repr="wheelBackRight" forcePointRatio="0.5" initialCompression="20" suspTravel="0.33" spring="34" damper="60" />
                    </wheel>
                </wheels>
                <objectChange node="wideMudGuard" visibilityActive="false" />
                <objectChange node="mudGuard" visibilityActive="true" />
            </wheelConfiguration>
			<wheelConfiguration name="$l10n_configuration_valueDefaultTPS" price="0" brand="TRELLEBORG">
                <wheels autoRotateBackSpeed="2.0">
                    <wheel filename="wheels/600_65R28.xml" configId="tirePressureSystem" isLeft="true" hasTireTracks="true" hasParticles="true" >
                        <physics rotSpeed="1" restLoad="2.8" repr="axisFrontLeft"  driveNode="wheelFrontLeft"  forcePointRatio="0.5" initialCompression="25" suspTravel="0.27" spring="38" damper="60" />
                        <fender node="fenderFrontLeft" rotMax="28" />
                    </wheel>
                    <wheel filename="wheels/600_65R28.xml" configId="tirePressureSystem" isLeft="false" hasTireTracks="true" hasParticles="true" >
                        <physics rotSpeed="1" restLoad="2.8" repr="axisFrontRight" driveNode="wheelFrontRight" forcePointRatio="0.5" initialCompression="25" suspTravel="0.27" spring="38" damper="60" />
                        <fender node="fenderFrontRight" rotMin="-28.5" />
                    </wheel>
                    <wheel filename="wheels/710_70R38.xml" configId="tirePressureSystem" isLeft="true" hasTireTracks="true" hasParticles="true" >
                        <physics rotSpeed="0" restLoad="2.7" repr="wheelBackLeft"  forcePointRatio="0.5" initialCompression="20" suspTravel="0.33" spring="34" damper="60" />
                    </wheel>
                    <wheel filename="wheels/710_70R38.xml" configId="tirePressureSystem" isLeft="false" hasTireTracks="true" hasParticles="true" >
                        <physics rotSpeed="0" restLoad="2.7" repr="wheelBackRight" forcePointRatio="0.5" initialCompression="20" suspTravel="0.33" spring="34" damper="60" />
                    </wheel>
                </wheels>
                <objectChange node="wideMudGuard" visibilityActive="false" />
                <objectChange node="mudGuard" visibilityActive="true" />
            </wheelConfiguration>
			<wheelConfiguration name="$l10n_configuration_valueWheelBroad" price="1800" brand="TRELLEBORG">
                <wheels autoRotateBackSpeed="2.0">
                    <wheel filename="wheels/600_70R28.xml"  isLeft="true" hasTireTracks="true" hasParticles="true" >
                        <physics rotSpeed="1" restLoad="2.8" repr="axisFrontLeft"  driveNode="wheelFrontLeft"  forcePointRatio="0.5" initialCompression="25" suspTravel="0.27" spring="38" damper="60" />
                        <fender node="fenderFrontLeft" rotMax="28" />
                    </wheel>
                    <wheel filename="wheels/600_70R28.xml"  isLeft="false" hasTireTracks="true" hasParticles="true" >
                        <physics rotSpeed="1" restLoad="2.8" repr="axisFrontRight" driveNode="wheelFrontRight" forcePointRatio="0.5" initialCompression="25" suspTravel="0.27" spring="38" damper="60" />
                        <fender node="fenderFrontRight" rotMin="-28.5" />
                    </wheel>
                    <wheel filename="wheels/710_70R42.xml"  isLeft="true" hasTireTracks="true" hasParticles="true" >
                        <physics rotSpeed="0" restLoad="2.7" repr="wheelBackLeft"  forcePointRatio="0.5" initialCompression="20" suspTravel="0.33" spring="34" damper="60" />
                    </wheel>
                    <wheel filename="wheels/710_70R42.xml"  isLeft="false" hasTireTracks="true" hasParticles="true" >
                        <physics rotSpeed="0" restLoad="2.7" repr="wheelBackRight" forcePointRatio="0.5" initialCompression="20" suspTravel="0.33" spring="34" damper="60" />
                    </wheel>
                </wheels>
                <objectChange node="wideMudGuard" visibilityActive="true" />
                <objectChange node="mudGuard" visibilityActive="false" />
            </wheelConfiguration>
			<wheelConfiguration name="$l10n_configuration_valueWheelBroadTPS" price="1800" brand="TRELLEBORG">
                <wheels autoRotateBackSpeed="2.0">
                    <wheel filename="wheels/600_70R28.xml" configId="tirePressureSystem" isLeft="true" hasTireTracks="true" hasParticles="true" >
                        <physics rotSpeed="1" restLoad="2.8" repr="axisFrontLeft"  driveNode="wheelFrontLeft"  forcePointRatio="0.5" initialCompression="25" suspTravel="0.27" spring="38" damper="60" />
                        <fender node="fenderFrontLeft" rotMax="28" />
                    </wheel>
                    <wheel filename="wheels/600_70R28.xml" configId="tirePressureSystem" isLeft="false" hasTireTracks="true" hasParticles="true" >
                        <physics rotSpeed="1" restLoad="2.8" repr="axisFrontRight" driveNode="wheelFrontRight" forcePointRatio="0.5" initialCompression="25" suspTravel="0.27" spring="38" damper="60" />
                        <fender node="fenderFrontRight" rotMin="-28.5" />
                    </wheel>
                    <wheel filename="wheels/710_70R42.xml" configId="tirePressureSystem" isLeft="true" hasTireTracks="true" hasParticles="true" >
                        <physics rotSpeed="0" restLoad="2.7" repr="wheelBackLeft"  forcePointRatio="0.5" initialCompression="20" suspTravel="0.33" spring="34" damper="60" />
                    </wheel>
                    <wheel filename="wheels/710_70R42.xml" configId="tirePressureSystem" isLeft="false" hasTireTracks="true" hasParticles="true" >
                        <physics rotSpeed="0" restLoad="2.7" repr="wheelBackRight" forcePointRatio="0.5" initialCompression="20" suspTravel="0.33" spring="34" damper="60" />
                    </wheel>
                </wheels>
                <objectChange node="wideMudGuard" visibilityActive="true" />
                <objectChange node="mudGuard" visibilityActive="false" />
            </wheelConfiguration>
			<wheelConfiguration name="$l10n_configuration_valueDefault" price="1200" brand="MICHELIN">
                <wheels autoRotateBackSpeed="2.0">
                    <wheel filename="wheels/XBIB620_70R26.xml"  isLeft="true" hasTireTracks="true" hasParticles="true" >
                        <physics rotSpeed="1" restLoad="2.8" repr="axisFrontLeft"  driveNode="wheelFrontLeft"  forcePointRatio="0.5" initialCompression="25" suspTravel="0.27" spring="38" damper="60" />
                        <fender node="fenderFrontLeft" rotMax="28" />
                    </wheel>
                    <wheel filename="wheels/XBIB620_70R26.xml"  isLeft="false" hasTireTracks="true" hasParticles="true" >
                        <physics rotSpeed="1" restLoad="2.8" repr="axisFrontRight" driveNode="wheelFrontRight" forcePointRatio="0.5" initialCompression="25" suspTravel="0.27" spring="38" damper="60" />
                        <fender node="fenderFrontRight" rotMin="-28.5" />
                    </wheel>
                    <wheel filename="wheels/XBIB710_70R38.xml"  isLeft="true" hasTireTracks="true" hasParticles="true" >
                        <physics rotSpeed="0" restLoad="2.7" repr="wheelBackLeft"  forcePointRatio="0.5" initialCompression="20" suspTravel="0.33" spring="34" damper="60" />
                    </wheel>
                    <wheel filename="wheels/XBIB710_70R38.xml"  isLeft="false" hasTireTracks="true" hasParticles="true" >
                        <physics rotSpeed="0" restLoad="2.7" repr="wheelBackRight" forcePointRatio="0.5" initialCompression="20" suspTravel="0.33" spring="34" damper="60" />
                    </wheel>
                </wheels>
                <objectChange node="wideMudGuard" visibilityActive="false" />
                <objectChange node="mudGuard" visibilityActive="true" />
				<!-- <objectChange node="wheelBackLeft" translationActive="0.94 0.96 -1.305" translationInactive="0.91 0.96 -1.305"/> 
				<objectChange node="wheelBackRight"  translationActive="-0.94 0.96 -1.305" translationInactive="-0.91 0.96 -1.305"/> -->
            </wheelConfiguration>
			<wheelConfiguration name="$l10n_configuration_valueWheelBroad" price="2200" brand="MICHELIN">
                <wheels autoRotateBackSpeed="2.0">
                    <wheel filename="wheels/M600_70R30.xml"  isLeft="true" hasTireTracks="true" hasParticles="true" >
                        <physics rotSpeed="1" restLoad="2.6" repr="axisFrontLeft"  driveNode="wheelFrontLeft"  forcePointRatio="0.5" initialCompression="25" suspTravel="0.27" spring="38" damper="60" />
                        <fender node="fenderFrontLeft" rotMax="28" />
                    </wheel>
                    <wheel filename="wheels/M600_70R30.xml"  isLeft="false" hasTireTracks="true" hasParticles="true" >
                        <physics rotSpeed="1" restLoad="2.6" repr="axisFrontRight" driveNode="wheelFrontRight" forcePointRatio="0.5" initialCompression="25" suspTravel="0.27" spring="38" damper="60" />
                        <fender node="fenderFrontRight" rotMin="-28.5" />
                    </wheel>
                    <wheel filename="wheels/M710_70R42.xml"  isLeft="true" hasTireTracks="true" hasParticles="true" >
                        <physics rotSpeed="0" restLoad="2.8" repr="wheelBackLeft"  forcePointRatio="0.5" initialCompression="20" suspTravel="0.33" spring="34" damper="60" />
                    </wheel>
                    <wheel filename="wheels/M710_70R42.xml"  isLeft="false" hasTireTracks="true" hasParticles="true" >
                        <physics rotSpeed="0" restLoad="2.8" repr="wheelBackRight" forcePointRatio="0.5" initialCompression="20" suspTravel="0.33" spring="34" damper="60" />
                    </wheel>
                </wheels>
                <objectChange node="wideMudGuard" visibilityActive="true" />
                <objectChange node="mudGuard" visibilityActive="false" />
				<!-- <objectChange node="wheelBackLeft" translationActive="0.94 0.96 -1.305" translationInactive="0.91 0.96 -1.305"/> 
				<objectChange node="wheelBackRight"  translationActive="-0.94 0.96 -1.305" translationInactive="-0.91 0.96 -1.305"/> -->
            </wheelConfiguration>
			<wheelConfiguration name="$l10n_configuration_valueDefault" price="2400" brand="MITAS">
                <wheels autoRotateBackSpeed="2.0">
                    <wheel filename="wheels/MT600_70R28.xml"  isLeft="true" hasTireTracks="true" hasParticles="true" >
                        <physics rotSpeed="1" restLoad="2.5" repr="axisFrontLeft"  driveNode="wheelFrontLeft"  forcePointRatio="0.5" initialCompression="25" suspTravel="0.27" spring="38" damper="60" />
                        <fender node="fenderFrontLeft" rotMax="28" />
                    </wheel>
                    <wheel filename="wheels/MT600_70R28.xml"  isLeft="false" hasTireTracks="true" hasParticles="true" >
                        <physics rotSpeed="1" restLoad="2.5" repr="axisFrontRight" driveNode="wheelFrontRight" forcePointRatio="0.5" initialCompression="25" suspTravel="0.27" spring="38" damper="60" />
                        <fender node="fenderFrontRight" rotMin="-28.5" />
                    </wheel>
                    <wheel filename="wheels/MT710_70R38.xml"  isLeft="true" hasTireTracks="true" hasParticles="true" >
                        <physics rotSpeed="0" restLoad="2.7" repr="wheelBackLeft"  forcePointRatio="0.5" initialCompression="20" suspTravel="0.33" spring="34" damper="60" />
                    </wheel>
                    <wheel filename="wheels/MT710_70R38.xml"  isLeft="false" hasTireTracks="true" hasParticles="true" >
                        <physics rotSpeed="0" restLoad="2.7" repr="wheelBackRight" forcePointRatio="0.5" initialCompression="20" suspTravel="0.33" spring="34" damper="60" />
                    </wheel>
                </wheels>
                <objectChange node="wideMudGuard" visibilityActive="false" />
                <objectChange node="mudGuard" visibilityActive="true" />
            </wheelConfiguration>
		</wheelConfigurations>
			
        <ackermannSteeringConfigurations>
            <ackermannSteering rotSpeed="40" rotMax="40" rotCenterWheel1="3" rotCenterWheel2="4" />
            <ackermannSteering rotSpeed="40" rotMax="40" rotCenterWheel1="3" rotCenterWheel2="4" />
        </ackermannSteeringConfigurations>
		
		<rimColor>JOHNDEERE_YELLOW1</rimColor>
    </wheels>
	
    <speedRotatingParts>
        <speedRotatingPart node="axisFrontLeftPto"  wheelIndex="1" />
        <speedRotatingPart node="axisFrontRightPto" wheelIndex="2" />
    </speedRotatingParts>
	
	<designConfigurations>
        <designConfiguration name="FW" price="0">
            <objectChange node="attacherHyd" visibilityActive="false" />
			<objectChange node="attacherJointFrontArmTop" visibilityActive="false" />
			<objectChange node="bottomLinkFrontHydraulic" visibilityActive="false" />
			<objectChange node="attacherJointFrontArmBottom" visibilityActive="false" />
			<objectChange node="weightsholder" visibilityActive="true" />
        </designConfiguration>
        <designConfiguration name="FH" price="1000">
            <objectChange node="attacherHyd" visibilityActive="true" />
			<objectChange node="bottomLinkFrontHydraulic" visibilityActive="true" />
			<objectChange node="attacherJointFrontArmBottom" visibilityActive="true" />
			<objectChange node="attacherJointFrontArmTop" visibilityActive="true" />
			<objectChange node="weightsholder" visibilityActive="false" />
        </designConfiguration>
    </designConfigurations>
	
	<lights>
	    <sharedLight linkNode="frontLightRectangle_02_Left"   node="0" lightTypes="0 3" filename="$data/shared/assets/lights/lizard/frontLightRectangle_02_left.xml" />
        <sharedLight linkNode="frontLightRectangle_02_Right"  node="0" lightTypes="0 3" filename="$data/shared/assets/lights/lizard/frontLightRectangle_02_right.xml" />
		<sharedLight linkNode="workingLightSquare_04_left"    node="0" lightTypes="2"   filename="$data/shared/assets/lights/lizard/workingLightSquare_04.xml" />
        <sharedLight linkNode="workingLightSquare_04_right"   node="0" lightTypes="2"   filename="$data/shared/assets/lights/lizard/workingLightSquare_04.xml" />
		<sharedLight linkNode="rearLightOvalLEDOrange_01_left"   node="0" lightTypes="0"   filename="$data/shared/assets/lights/lizard/rearLightOvalLEDOrange_01_left.xml" />
        <sharedLight linkNode="rearLightOvalLEDOrange_01_right"  node="0" lightTypes="0"   filename="$data/shared/assets/lights/lizard/rearLightOvalLEDOrange_01_right.xml" />
        
		<states>
            <state lightTypes="0" />
            <state lightTypes="0 1" />
            <state lightTypes="0 1 2" />
        </states>

        <realLights>
            <low>
                <light node="frontLightLow"       lightTypes="0" excludedLightTypes="2 3" />
                <light node="workLightBackLow"    lightTypes="1"/>
                <light node="workLightFrontLow"   lightTypes="2"/>
                <light node="highBeamLow"         lightTypes="3" />
            </low>
            <high>
                <light node="frontLightHigh"        lightTypes="0" excludedLightTypes="2 3" />
                <light node="frontLightTop02"        lightTypes="0 3"/>
                <light node="workLightBackHigh1"    lightTypes="1"/>
                <light node="workLightFrontHigh1"   lightTypes="2"/>
                <light node="highBeamHigh"          lightTypes="3"/>
                <light node="backLightsHigh"       lightTypes="0"/>
                <brakeLight node="backLightsHigh2" />
                <turnLightLeft node="turnLightLeftFront" />
                <turnLightRight node="turnLightRightFront" />
                <interiorLight node="interiorScreenLight"/>
            </high>
        </realLights>

        <defaultLights>
            <defaultLight shaderNode="backlightStatic"       lightTypes="0" intensity="30"/>
            <defaultLight shaderNode="frontLightsStatic"     lightTypes="0 3" intensity="30"/>
			<defaultLight shaderNode="frontLightsLow"        lightTypes="0 3" intensity="30"/>
            <defaultLight shaderNode="positionLightsStatic"  lightTypes="0 3" intensity="20"/>
			<defaultLight shaderNode="positionLightsStatic1" lightTypes="0 3" intensity="20"/>
            <defaultLight shaderNode="worklightBackStatic"   lightTypes="1" intensity="10"/>
            <defaultLight shaderNode="worklightFrontStatic"  lightTypes="2" intensity="10"/>
        </defaultLights>

        <brakeLights>
            <brakeLight shaderNode="brakelightStatic" />
        </brakeLights>

        <beaconLights>
            <beaconLight node="beaconLightLeft" filename="$data/shared/assets/beaconLights/lizard/beaconLight03.xml" />
            <beaconLight node="beaconLightRight" filename="$data/shared/assets/beaconLights/lizard/beaconLight03.xml" />
        </beaconLights>

        <sounds>
            <switchLight template="SWITCH_01"  />
            <turnLight template="SWITCH_TURNLIGHT_JD" />
        </sounds>

		<!-- <dashboards>
			<default>
				<dashboard displayType="EMITTER" node="0>13|10" intensity="0.3" idleValue="0" groups="MOTOR_ACTIVE"/>
				<dashboard displayType="EMITTER" node="0>13|11" intensity="0.3" idleValue="0" groups="MOTOR_ACTIVE"/>
			</default>
				<dashboard displayType="EMITTER" valueType="lightState" node="0>13|10" intensity="0.3" lightTypes="0" groups="MOTOR_ACTIVE"/>
				<dashboard displayType="EMITTER" valueType="lightState" node="0>13|11" intensity="0.3" lightTypes="0" groups="MOTOR_ACTIVE"/>
				<dashboard displayType="EMITTER" valueType="turnLightLeft"  node="turnlightLeft01_decal"    baseColor="BLACK" emitColor="GREEN" />                                        groups="MOTOR_ACTIVE"/>
				<dashboard displayType="EMITTER" valueType="turnLightRight" node="turnlightRight02_decal"   baseColor="BLACK" emitColor="GREEN" />                                        groups="MOTOR_ACTIVE"/>
	    </dashboards> -->
		
		<dashboards>
            <dashboard valueType="lightState" displayType="EMITTER" node="lightPanel" lightTypes="0" idleValue="0" intensity="0.5" groups="MOTOR_ACTIVE" />
            <dashboard valueType="lightState" displayType="EMITTER" node="dashboard" lightTypes="0" idleValue="0" intensity="0.5" groups="MOTOR_ACTIVE" />
			<dashboard displayType="EMITTER" valueType="turnLightLeft"  node="turnlightLeft01_decal"    baseColor="BLACK" emitColor="GREEN" />                                     
			<dashboard displayType="EMITTER" valueType="turnLightRight" node="turnlightRight02_decal"   baseColor="BLACK" emitColor="GREEN" />
			<dashboard displayType="EMITTER" valueType="turnLightHazard" node="hazard"  		baseColor="BLACK" emitColor="ORANGE" intensity="4"/>			
        </dashboards>
    </lights>
	
	<attacherJoints>
        <attacherJoint node="attacherJointBack" upperRotationOffset="0" moveTime="2.5" comboTime="1">
            <distanceToGround lower="0.25" upper="1.12" />
            <rotationNode node="attacherJointBackRot" lowerRotation="-20 0 0" upperRotation="30 0 0" />
            <rotationNode2 node="attacherJointBackRot2" />
            <bottomArm rotationNode="attacherJointBackArmBottom" translationNode="backBottomLink" referenceNode="referencePointBackBottom" zScale="-1" startRotation="-15 0 0" />
            <topArm baseNode="attacherJointBackArmTop" filename="$data/shared/assets/upperLinks/walterscheid03.i3d" zScale="-1" color="JOHNDEERE_GREEN1" color2="JOHNDEERE_GREEN1"/>
            <schema position="1 0" rotation="0" invertX="false" />
            <objectChange node="trailerAttacherNode" visibilityActive="false" visibilityInactive="true" />
            <objectChange node="trailerLowNode" visibilityActive="false" visibilityInactive="true" />
			<!-- Kugel anzeigen -->
			<objectChange node="0>0|3|0|1|2" visibilityActive="true" visibilityInactive="false"/>
        </attacherJoint>
        <attacherJoint node="attacherJointFront" upperRotationOffset="-0.1" moveTime="2.5" comboTime="0">
            <distanceToGround lower="0.58" upper="1.34" />
            <rotationNode node="attacherJointFrontRot" lowerRotation="28 0 0" upperRotation="-16.5 0 0" />
            <rotationNode2 node="attacherJointFrontRot2" />
            <bottomArm rotationNode="attacherJointFrontArmBottom" translationNode="bottomLinkFront" referenceNode="referencePointFrontBottom" zScale="1" startRotation="-8.7 0 0"/>
            <topArm baseNode="attacherJointFrontArmTop" filename="$data/shared/assets/upperLinks/johnDeereUpperlink.i3d" zScale="1" color="JOHNDEERE_GREEN1"/>
            <schema position="1 0" rotation="0" invertX="true" />
            <objectChange node="bottomArmRight" rotationActive="0 0 0" rotationInactive="-80 0 0"/>
			<objectChange node="bottomArmLeft" rotationActive="0 0 0" rotationInactive="-80 0 0"/>
			<!-- Kugel anzeigen -->
			<objectChange node="0>0|3|0|4|1" visibilityActive="true" visibilityInactive="false"/>
		</attacherJoint>
        <attacherJoint node="trailerAttacherJointBack" jointType="trailer" lowerRotLimit="10 50 50" upperRotRotationOffset="0" allowsJointLimitMovement="false" comboTime="1">
            <!-- <distanceToGround lower="0.59" upper="1.20" /> -->
			<distanceToGround lower="0.59" upper="1.20" />
            <transNode node="trailerAttacherNode" minY="0.54" maxY="1.175" />
            <schema position="1 0" rotation="0" invertX="false" />
            <objectChange node="trailerLowNode" visibilityActive="false"  visibilityInactive="true" />
            <objectChange node="attacherJointBackArmBottom" rotationActive="25 0 0"  rotationInactive="0 0 0" />
        </attacherJoint>
        <attacherJoint node="trailerAttacherJointBackLow" jointType="trailerLow" lowerRotLimit="10 50 50" lowerTransLimit="0 0 0" upperRotRotationOffset="0" allowsJointLimitMovement="false" comboTime="1">
            <!-- <distanceToGround lower="0.59" upper="0.71" /> -->
			<distanceToGround lower="0.59" upper="0.71" />
            <!-- <transNode node="trailerLowNode" minY="0.58" maxY="0.70" /> -->
            <schema position="1 0" rotation="0" invertX="false" />
            <objectChange node="attacherJointBackArmBottom" rotationActive="30 0 0"  rotationInactive="0 0 0" />
            <objectChange node="trailerAttacherNode" visibilityActive="false"  visibilityInactive="true" />
            <!-- <steeringBars leftNode="trailerSteeringLeftRef" rightNode="trailerSteeringRightRef" /> -->
        </attacherJoint>
        <attacherJoint node="trailerAttacherJointFront" jointType="trailer" lowerRotLimit="10 50 50" lowerTransLimit="0 0 0" upperRotRotationOffset="0" allowsJointLimitMovement="false" comboTime="0">
            <schema position="1 0" rotation="0" invertX="true" />
        </attacherJoint>

        <sounds>
            <attach template="ATTACH_01" />
            <hydraulic template="DEFAULT_HYDRAULIC_SOUND" />
        </sounds>
    </attacherJoints>
	
	<powerTakeOffs>
        <output attacherJointIndices="1 3 4" outputNode="ptoBack" />
        <output attacherJointIndices="2 5" outputNode="ptoFront" />
    </powerTakeOffs>
	
    <!-- <attachable>
        <airConsumer usage="2500"/>
    </attachable> -->
	
	<enterable isTabbable="true" >
        <enterReferenceNode node="JohnDeere7010_main_component1" />
        <exitPoint node="exitPoint" />

        <cameras>
            <camera node="outdoorCamera1" rotatable="true" rotateNode="outdoorCameraTarget" limit="true" useWorldXZRotation="true" rotMinX="-1.4" rotMaxX="1" transMin="4" transMax="40" translation="0 0 6.5" rotation="-17.5 180 0" >
                <raycastNode node="cameraRaycastNode1"/>
                <raycastNode node="cameraRaycastNode2"/>
                <raycastNode node="cameraRaycastNode3"/>
            </camera>
            <camera node="indoorCamera1" rotatable="true" limit="true" rotMinX="-1.1" rotMaxX="0.4" transMin="0" transMax="0" useMirror="true" isInside="true" shadowFocusBox="shadowFocusBox" />
        </cameras>

        <characterNode node="playerSkin" cameraMinDistance="1.5" spineRotation="-90 0 90" >
            <target ikChain="rightFoot" targetNode="playerRightFootTarget" />
            <target ikChain="leftFoot"  targetNode="playerLeftFootTarget" />
            <target ikChain="rightArm"  targetNode="playerRightHandTarget" />
            <target ikChain="leftArm"   targetNode="playerLeftHandTarget" />
        </characterNode>

        <!-- <characterTargetNodeModifier node="playerRightHandTarget" transitionTime="0.2">
            <state node="playerRightHandTargetFrontloader" referenceNode="frontloaderJoystick"/>
        </characterTargetNodeModifier>

        <characterTargetNodeModifier node="playerRightFootTarget" transitionTime="0.1" >
            <state node="playerRightFootTargetGas"   referenceNode="gasPedal" directionReferenceNode="playerRightFootTargetGasRef" />
            <state node="playerRightFootTargetBrake" referenceNode="brakePedal" />
        </characterTargetNodeModifier> -->

        <mirrors>
            <mirror node="mirrorsDecal1"  prio="1" />
            <mirror node="mirrorsDecal2"  prio="1" />
        </mirrors>

        <dashboards>
            <dashboard displayType="NUMBER" valueType="time"  numbers="numbersTime"  numberColor="0 0 0 0"  precision="2" groups="MOTOR_ACTIVE"/>
        </dashboards>
    </enterable>
	
    <motorized>
        <consumerConfigurations>
            <consumerConfiguration>
                <consumer fillUnitIndex="1" usage="93"  fillType="diesel" />  <!-- usage is per hour at max load and max rpm -->
                <consumer fillUnitIndex="2" usage="3.0" fillType="def" />  <!-- usage is per hour at max load and max rpm -->
                <consumer fillUnitIndex="3" usage="225" fillType="air" permanentConsumption="false" refillLitersPerSecond="300" refillCapacityPercentage="0.5" /> <!-- usage per second at full brake power -->
            </consumerConfiguration>
        </consumerConfigurations>
		
		<motorConfigurations>
            <motorConfiguration name="7610" hp="140" price="0">
                <!--<motor torqueScale="0.601" minRpm="850" maxRpm="2200" maxForwardSpeed="48" maxBackwardSpeed="22" brakeForce="6" lowBrakeForceScale="0.22" lowBrakeForceSpeedLimit="0.004">-->
                <motor torqueScale="0.756" minRpm="850" maxRpm="2200" maxForwardSpeed="52" maxBackwardSpeed="22" brakeForce="6" lowBrakeForceScale="0.22" lowBrakeForceSpeedLimit="0.004">
					<torque normRpm="0.45" torque="0.9"/>
                    <torque normRpm="0.5" torque="0.97"/>
                    <torque normRpm="0.59" torque="1"/>
                    <torque normRpm="0.72" torque="1"/>
                    <torque normRpm="0.86" torque="0.88"/>
                    <torque normRpm="1" torque="0.72"/>
                </motor>
                <transmission minForwardGearRatio="9.8" maxForwardGearRatio="300" minBackwardGearRatio="40" maxBackwardGearRatio="300"/>
                <objectChange node="7610_decal" visibilityActive="true"/>
                <objectChange node="7710_decal" visibilityActive="false"/>
                <objectChange node="7810_decal" visibilityActive="false"/>
            </motorConfiguration>
            <motorConfiguration name="7710" hp="155" maxForwardSpeed="50" price="5000">
                <!--<motor torqueScale="0.668"/>-->
				<motor torqueScale="0.865"/>
                <objectChange node="7610_decal" visibilityActive="false"/>
                <objectChange node="7710_decal" visibilityActive="true"/>
                <objectChange node="7810_decal" visibilityActive="false"/>
            </motorConfiguration>
            <motorConfiguration name="7810" hp="175" maxForwardSpeed="53" price="10000">
                <!--<motor torqueScale="0.756"/>-->
				<motor torqueScale="0.970"/>
                <objectChange node="7610_decal" visibilityActive="false"/>
                <objectChange node="7710_decal" visibilityActive="false"/>
                <objectChange node="7810_decal" visibilityActive="true"/>
            </motorConfiguration>
        </motorConfigurations>
		
        <differentialConfigurations>
            <differentialConfiguration>
                <differentials>
                    <differential torqueRatio="0.5" maxSpeedRatio="1.8" wheelIndex1="1" wheelIndex2="2"/>
                    <differential torqueRatio="0.5" maxSpeedRatio="1.8" wheelIndex1="3" wheelIndex2="4"/>
                    <differential torqueRatio="0.5" maxSpeedRatio="1.8" differentialIndex1="1" differentialIndex2="2"/>
                </differentials>
            </differentialConfiguration>
        </differentialConfigurations>
		
		<exhaustEffects>
            <exhaustEffect node="exhaustParticles1" filename="$data/particleSystems/shared/exhaust.i3d" minRpmColor="0.9 0.9 0.9 0.1" maxRpmColor="0 0 0 6" minRpmScale="0.08" maxRpmScale="0.8"/>
        </exhaustEffects>
		
        <motorStartDuration>3000</motorStartDuration>
		
		<animationNodes>
            <animationNode node="motorFan"  rotAxis="3" rotSpeed="800"  turnOnFadeTime="6" turnOffFadeTime="16"/>
        </animationNodes>
		
		<dashboards>
            <dashboard displayType="NUMBER" valueType="rpm"   numbers="numbersRpm" precision="1" numberColor="0 0 0 0" groups="MOTOR_ACTIVE"/>
            <dashboard displayType="NUMBER" valueType="speed" numbers="numbersSpeed" precision="1" numberColor="0 0 0 0" groups="MOTOR_ACTIVE"/>
			
			<dashboard displayType="NUMBER" valueType="rpm"   numbers="numbersRpm1" precision="1" numberColor="0 0 0 0" groups="MOTOR_ACTIVE"/>
            <dashboard displayType="NUMBER" valueType="speed" numbers="numbersSpeed1" precision="1" numberColor="0 0 0 0" groups="MOTOR_ACTIVE"/>
			<dashboard displayType="ANIMATION" valueType="rpm" animName="rpmDisplay" minValueAnim="0" maxValueAnim="2200" groups="MOTOR_ACTIVE"/>
            <dashboard displayType="ANIMATION" valueType="motorTemperature" animName="loadingBarTemperature" minValueAnim="20" maxValueAnim="120" groups="MOTOR_ACTIVE"/>
        </dashboards>
		
		<sounds externalSoundFile="sounds/sounds7010.xml" />
    </motorized>
	
    <drivable>
		<sounds>
            <waterSplash template="WATER_SPLASH_01" />
        </sounds>
		
        <steeringWheel node="steeringWheel" indoorRotation="900" outdoorRotation="50"/>
		
		<dashboards>
		    <!-- <dashboard displayType="ANIMATION" valueType="rpm" animName="rpmDisplay" minValueAnim="0" maxValueAnim="2200" groups="MOTOR_ACTIVE"/> -->
            <!-- <dashboard displayType="ROT"     valueType="accelerationAxis" node="gasPedal"   minRot="0 0 0" maxRot="25 0 0" doInterpolation="true" groups="MOTOR_ACTIVE"/>
            <dashboard displayType="ROT"     valueType="decelerationAxis" node="brakePedal" minRot="0 0 0" maxRot="-25 0 0" doInterpolation="true" groups="MOTOR_ACTIVE"/>
            <dashboard displayType="ANIMATION" valueType="movingDirection" animName="movingDirectionAnim" doInterpolation="true" interpolationSpeed="0.01" groups="MOTOR_ACTIVE"/>
            <dashboard displayType="ROT"     valueType="ac_decelerationAxis" node="joystick"   minRot="-5 0 0" maxRot="5 0 0" doInterpolation="true" groups="MOTOR_ACTIVE"/>
            <dashboard displayType="NUMBER"  valueType="cruiseControl" numbers="numbersCruiseControl" numberColor="0.1 0.1 0.1 1" precision="1" groups="MOTOR_ACTIVE"/> -->
        </dashboards>
    </drivable>
	
    <animations>
        <animation name="loadingBarTemperature">
            <part node="tempLoadingBar" startTime="0.0" endTime="1.0" startScale="0 1 1" endScale="1 1 1"/>
        </animation>
		<animation name="loadingBarFuel">
            <part node="fuelLoadingBar" startTime="0.0" endTime="1.0" startScale="0 1 1" endScale="1 1 1"/>
        </animation>
		<animation name="rpmDisplay">
            <part node="0>0|12|3|7|0|4|6|0" startTime="0"     endTime="0.01" visibility="false" />
            <part node="0>0|12|3|7|0|4|6|0" startTime="0.01"  endTime="0.02" visibility="true" />
            <part node="0>0|12|3|7|0|4|6|1" startTime="0.024" endTime="0.025" visibility="false" />
            <part node="0>0|12|3|7|0|4|6|1" startTime="0.025" endTime="0.026" visibility="true" />
            <part node="0>0|12|3|7|0|4|6|2" startTime="0.049" endTime="0.050" visibility="false" />
            <part node="0>0|12|3|7|0|4|6|2" startTime="0.050" endTime="0.051" visibility="true" />
            <part node="0>0|12|3|7|0|4|6|3" startTime="0.074" endTime="0.075" visibility="false" />
            <part node="0>0|12|3|7|0|4|6|3" startTime="0.075" endTime="0.076" visibility="true" />
            <part node="0>0|12|3|7|0|4|6|4" startTime="0.099" endTime="0.100" visibility="false" />
            <part node="0>0|12|3|7|0|4|6|4" startTime="0.100" endTime="0.101" visibility="true" />
            <part node="0>0|12|3|7|0|4|6|5" startTime="0.124" endTime="0.125" visibility="false" />
            <part node="0>0|12|3|7|0|4|6|5" startTime="0.125" endTime="0.126" visibility="true" />
            <part node="0>0|12|3|7|0|4|6|6" startTime="0.149" endTime="0.150" visibility="false" />
            <part node="0>0|12|3|7|0|4|6|6" startTime="0.150" endTime="0.151" visibility="true" />
            <part node="0>0|12|3|7|0|4|6|7" startTime="0.174" endTime="0.175" visibility="false" />
            <part node="0>0|12|3|7|0|4|6|7" startTime="0.175" endTime="0.176" visibility="true" />
			<part node="0>0|12|3|7|0|4|6|8" startTime="0.199" endTime="0.200" visibility="false" />
            <part node="0>0|12|3|7|0|4|6|8" startTime="0.200" endTime="0.201" visibility="true" />
			<part node="0>0|12|3|7|0|4|6|9" startTime="0.224" endTime="0.225" visibility="false" />
            <part node="0>0|12|3|7|0|4|6|9" startTime="0.225" endTime="0.226" visibility="true" />
			<part node="0>0|12|3|7|0|4|6|10" startTime="0.249" endTime="0.250" visibility="false" />
            <part node="0>0|12|3|7|0|4|6|10" startTime="0.250" endTime="0.251" visibility="true" />
			<part node="0>0|12|3|7|0|4|6|11" startTime="0.274" endTime="0.275" visibility="false" />
            <part node="0>0|12|3|7|0|4|6|11" startTime="0.275" endTime="0.276" visibility="true" />
			<part node="0>0|12|3|7|0|4|6|12" startTime="0.299" endTime="0.300" visibility="false" />
            <part node="0>0|12|3|7|0|4|6|12" startTime="0.300" endTime="0.301" visibility="true" />
			<part node="0>0|12|3|7|0|4|6|13" startTime="0.324" endTime="0.325" visibility="false" />
            <part node="0>0|12|3|7|0|4|6|13" startTime="0.325" endTime="0.326" visibility="true" />
			<part node="0>0|12|3|7|0|4|6|14" startTime="0.349" endTime="0.350" visibility="false" />
            <part node="0>0|12|3|7|0|4|6|14" startTime="0.350" endTime="0.351" visibility="true" />
			<part node="0>0|12|3|7|0|4|6|15" startTime="0.374" endTime="0.375" visibility="false" />
            <part node="0>0|12|3|7|0|4|6|15" startTime="0.375" endTime="0.376" visibility="true" />
			<part node="0>0|12|3|7|0|4|6|16" startTime="0.399" endTime="0.400" visibility="false" />
            <part node="0>0|12|3|7|0|4|6|16" startTime="0.400" endTime="0.401" visibility="true" />
			<part node="0>0|12|3|7|0|4|6|17" startTime="0.424" endTime="0.425" visibility="false" />
            <part node="0>0|12|3|7|0|4|6|17" startTime="0.425" endTime="0.426" visibility="true" />
			<part node="0>0|12|3|7|0|4|6|18" startTime="0.449" endTime="0.450" visibility="false" />
			<part node="0>0|12|3|7|0|4|6|18" startTime="0.450" endTime="0.451" visibility="true" />
            <part node="0>0|12|3|7|0|4|6|19" startTime="0.474" endTime="0.475" visibility="false" />
			<part node="0>0|12|3|7|0|4|6|19" startTime="0.475" endTime="0.476" visibility="true" />
            <part node="0>0|12|3|7|0|4|6|20" startTime="0.499" endTime="0.500" visibility="false" />
			<part node="0>0|12|3|7|0|4|6|20" startTime="0.500" endTime="0.501" visibility="true" />
            <part node="0>0|12|3|7|0|4|6|21" startTime="0.524" endTime="0.525" visibility="false" />
			<part node="0>0|12|3|7|0|4|6|21" startTime="0.525" endTime="0.526" visibility="true" />
            <part node="0>0|12|3|7|0|4|6|22" startTime="0.549" endTime="0.550" visibility="false" />
			<part node="0>0|12|3|7|0|4|6|22" startTime="0.550" endTime="0.551" visibility="true" />
            <part node="0>0|12|3|7|0|4|6|23" startTime="0.574" endTime="0.575" visibility="false" />
			<part node="0>0|12|3|7|0|4|6|23" startTime="0.575" endTime="0.576" visibility="true" />
            <part node="0>0|12|3|7|0|4|6|24" startTime="0.599" endTime="0.600" visibility="false" />
			<part node="0>0|12|3|7|0|4|6|24" startTime="0.600" endTime="0.601" visibility="true" />
            <part node="0>0|12|3|7|0|4|6|25" startTime="0.624" endTime="0.625" visibility="false" />
			<part node="0>0|12|3|7|0|4|6|25" startTime="0.625" endTime="0.626" visibility="true" />
            <part node="0>0|12|3|7|0|4|6|26" startTime="0.649" endTime="0.650" visibility="false" />
			<part node="0>0|12|3|7|0|4|6|26" startTime="0.650" endTime="0.651" visibility="true" />
            <part node="0>0|12|3|7|0|4|6|27" startTime="0.674" endTime="0.675" visibility="false" />
			<part node="0>0|12|3|7|0|4|6|27" startTime="0.675" endTime="0.676" visibility="true" />
            <part node="0>0|12|3|7|0|4|6|28" startTime="0.699" endTime="0.700" visibility="false" />
			<part node="0>0|12|3|7|0|4|6|28" startTime="0.700" endTime="0.701" visibility="true" />
            <part node="0>0|12|3|7|0|4|6|29" startTime="0.724" endTime="0.725" visibility="false" />
			<part node="0>0|12|3|7|0|4|6|29" startTime="0.725" endTime="0.726" visibility="true" />
            <part node="0>0|12|3|7|0|4|6|30" startTime="0.749" endTime="0.750" visibility="false" />
			<part node="0>0|12|3|7|0|4|6|30" startTime="0.750" endTime="0.751" visibility="true" />
            <part node="0>0|12|3|7|0|4|6|31" startTime="0.774" endTime="0.775" visibility="false" />
			<part node="0>0|12|3|7|0|4|6|31" startTime="0.775" endTime="0.776" visibility="true" />
            <part node="0>0|12|3|7|0|4|6|32" startTime="0.799" endTime="0.800" visibility="false" />
			<part node="0>0|12|3|7|0|4|6|32" startTime="0.800" endTime="0.801" visibility="true" />
			<part node="0>0|12|3|7|0|4|6|33" startTime="0.824" endTime="0.825" visibility="false" />
            <part node="0>0|12|3|7|0|4|6|33" startTime="0.825" endTime="0.826" visibility="true" />
			<part node="0>0|12|3|7|0|4|6|34" startTime="0.849" endTime="0.850" visibility="false" />
            <part node="0>0|12|3|7|0|4|6|34" startTime="0.850" endTime="0.851" visibility="true" />
			<part node="0>0|12|3|7|0|4|6|35" startTime="0.874" endTime="0.875" visibility="false" />
            <part node="0>0|12|3|7|0|4|6|35" startTime="0.875" endTime="0.876" visibility="true" />
			<part node="0>0|12|3|7|0|4|6|36" startTime="0.899" endTime="0.900" visibility="false" />
            <part node="0>0|12|3|7|0|4|6|36" startTime="0.900" endTime="0.901" visibility="true" />
			<part node="0>0|12|3|7|0|4|6|37" startTime="0.924" endTime="0.925" visibility="false" />
            <part node="0>0|12|3|7|0|4|6|37" startTime="0.925" endTime="0.926" visibility="true" />
			<part node="0>0|12|3|7|0|4|6|38" startTime="0.949" endTime="0.950" visibility="false" />
            <part node="0>0|12|3|7|0|4|6|38" startTime="0.950" endTime="0.951" visibility="true" />
			<part node="0>0|12|3|7|0|4|6|39" startTime="0.974" endTime="0.975" visibility="false" />
            <part node="0>0|12|3|7|0|4|6|39" startTime="0.975" endTime="0.976" visibility="true" />			
            <part node="0>0|12|3|7|0|4|6|39" startTime="0.999" endTime="1" visibility="true" />
        </animation>
		<!-- doors -->
		<animation name="doorLeftMovement">
            <part node="doorLeft" startTime="0" endTime="2" startRot="1.802 0.395 12.675" endRot="1.802 60 12.675" />
        </animation>
		<!-- backWindow -->
		<animation name="windowBackMovement">
			<part node="windowBack" startTime="0" endTime="2" startRot="0 0 0" endRot="38 0 0" />
        </animation>
    </animations>
	
	<simpleIC outsideInteractionTrigger="sIC_playerTrigger" >
		<animation animationName="doorLeftMovement" animationSpeed="1" sharedAnimation="false" soundVolumeIncreasePercentage="10.0" >
			<outsideTrigger triggerPoint="sIC_doorLeftOutside" triggerPointSize="0.04" />
			<insideTrigger triggerPoint="sIC_doorLeftInside" triggerPointSize="0.04" />
		</animation>
		<animation animationName="windowBackMovement" animationSpeed="1.5" sharedAnimation="false" soundVolumeIncreasePercentage="10.0" >
			<insideTrigger triggerPoint="sIC_windowBackInside" triggerPointSize="0.04" />
		</animation>
		
		<!-- Available functions in simpleIC_LSF -->
		<!--
			toogleBackHydraulic
			upperBackHydraulic
			lowerBackHydraulic
			activateBack
			toogleFrontHydraulic
			upperFrontHydraulic
			lowerFrontHydraulic
		-->
		<animation animationName="lowerBackHydraulic">
			<outsideTrigger triggerPoint="sIC_rearAttacherDown" triggerPointSize="0.01" />
		</animation>
		<animation animationName="upperBackHydraulic">
			<outsideTrigger triggerPoint="sIC_rearAttacherUp" triggerPointSize="0.01" />
		</animation>
		<!--
		<animation animationName="activateBack">
			<outsideTrigger triggerPoint="simpleIC_activateBackPTO" triggerPointSize="0.01" />
		</animation>
		<animation animationName="lowerFrontHydraulic">
			<outsideTrigger triggerPoint="simpleIC_lowerFrontHydraulic" triggerPointSize="0.01" />
		</animation>
		<animation animationName="upperFrontHydraulic">
			<outsideTrigger triggerPoint="simpleIC_upperFrontHydraulic" triggerPointSize="0.01" />
		</animation>
		-->
	    <cylinderAnimations>
		    <cylinder node1="rearWindowLeftCylinder" node2="rearWindowLeftCylinderInside" />
			<cylinder node1="rearWindowRightCylinder" node2="rearWindowRightCylinderInside" />
	    </cylinderAnimations>
		
	</simpleIC>
	
    <cylindered>
		<movingTools>
            <movingTool node="attacherJointFrontArmBottom">
                <dependentPart node="bottomLinkFrontHydraulic" />
            </movingTool>
            <movingTool node="attacherJointBackArmBottom">
                <dependentPart node="mainArm" />
            </movingTool>
        </movingTools>
		
		<movingParts>
            <movingPart node="steeringBar" referencePoint="steeringBarRef" referenceFrame="steeringBarRef" isActiveDirty="true"/>
            <movingPart node="frontLeftSteeringHydraulic" referencePoint="frontLeftSteeringHydraulicRef" referenceFrame="frontLeftSteeringHydraulicRef" isActiveDirty="true">
                <translatingPart node="frontLeftSteeringHydraulicPunch" />
            </movingPart>
            <movingPart node="frontRightSteeringHydraulic" referencePoint="frontRightSteeringHydraulicRef" referenceFrame="frontRightSteeringHydraulicRef" isActiveDirty="true">
                <translatingPart node="frontRightSteeringHydraulicPunch" />
            </movingPart>
            <movingPart node="bottomLinkFrontHydraulic" referencePoint="bottomLinkFrontHydraulicRef" referenceFrame="bottomLinkFrontHydraulicRef">
                <translatingPart node="bottomLinkFrontHydraulicPunch" />
            </movingPart>
            <movingPart node="mainArm" referencePoint="mainArmRef" localReferencePoint="mainArmPart" referenceFrame="attacherJointBackRot" >
                <dependentPart node="mainArmPart" />
            </movingPart>
            <movingPart node="mainArmPart" referencePoint="mainArmRef" referenceFrame="mainArmRef" >
                <dependentPart node="mainArmHydraulic" />
            </movingPart>
            <movingPart node="mainArmHydraulic" referencePoint="mainArmHydraulicRef" referenceFrame="mainArmHydraulicRef">
                <translatingPart node="mainArmHydraulicPunch" />
            </movingPart>
        </movingParts>
    </cylindered>
	
	<connectionHoses>
        <target attacherJointIndices="1 3 4" type="electric" node="backElectric" socket="electric"/>
		<target attacherJointIndices="1 3 4" type="airDoubleRed" node="airDoubleR">
            <objectChange node="cabR" rotationActive="0 0 0" rotationInactive="-95 0 0"/>
        </target>
		<target attacherJointIndices="1 3 4" type="airDoubleYellow" node="airDoubleY">
            <objectChange node="cabY" rotationActive="0 0 0" rotationInactive="-95 0 0"/>
        </target>
        <target attacherJointIndices="1 3 4" type="hydraulicIn" node="hydraulic01_in">
            <!-- <objectChange node="0>5|5|1|0" rotationActive="0 0 -90" rotationInactive="0 0 0"/> -->
        </target>
        <target attacherJointIndices="1 3 4" type="hydraulicOut" node="hydraulic01_out">
            <!-- <objectChange node="0>5|5|2|0" rotationActive="0 0 90" rotationInactive="0 0 0"/> -->
        </target>
        <target attacherJointIndices="1 3 4" type="hydraulicIn" node="hydraulic02_in">
            <!-- <objectChange node="0>5|5|3|0" rotationActive="0 0 -90" rotationInactive="0 0 0"/> -->
        </target>
        <target attacherJointIndices="1 3 4" type="hydraulicOut" node="hydraulic02_out">
            <!-- <objectChange node="0>5|5|4|0" rotationActive="0 0 90" rotationInactive="0 0 0"/> -->
        </target>
        <target attacherJointIndices="1 3 4" type="hydraulicIn" node="hydraulic03_in">
            <!-- <objectChange node="0>5|5|5|0" rotationActive="0 0 -90" rotationInactive="0 0 0"/> -->
        </target>
        <target attacherJointIndices="1 3 4" type="hydraulicOut" node="hydraulic03_out">
            <!-- <objectChange node="0>5|5|6|0" rotationActive="0 0 90" rotationInactive="0 0 0"/> -->
        </target>
        <target attacherJointIndices="1 3 4" type="hydraulicIn" node="hydraulic04_in">
            <!-- <objectChange node="0>5|5|7|0" rotationActive="0 0 -90" rotationInactive="0 0 0"/> -->
        </target>
        <target attacherJointIndices="1 3 4" type="hydraulicOut" node="hydraulic04_out">
            <!-- <objectChange node="0>5|5|8|0" rotationActive="0 0 90" rotationInactive="0 0 0"/> -->
        </target>
		
		<toolConnectorHose mountingNode="rightPipe">
            <startTarget attacherJointIndices="2 5" type="TOOL_CONNECTOR_TOP_RIGHT" node="rightPipe_frontConnector"/>
            <endTarget attacherJointIndices="1 3 4" type="TOOL_CONNECTOR_TOP_RIGHT" node="rightPipe_backConnector"/>
        </toolConnectorHose>

        <toolConnectorHose mountingNode="bottomPipe01">
            <startTarget attacherJointIndices="2 5" type="TOOL_CONNECTOR_BOTTOM_01" node="bottomPipe01_frontConnector"/>
            <endTarget attacherJointIndices="1 3 4" type="TOOL_CONNECTOR_BOTTOM_01" node="bottomPipe01_backConnector"/>
        </toolConnectorHose>

        <toolConnectorHose mountingNode="bottomPipe02">
            <startTarget attacherJointIndices="2 5" type="TOOL_CONNECTOR_BOTTOM_02" node="bottomPipe02_frontConnector"/>
            <endTarget attacherJointIndices="1 3 4" type="TOOL_CONNECTOR_BOTTOM_02" node="bottomPipe02_backConnector"/>
        </toolConnectorHose>

        <toolConnectorHose mountingNode="bottomPipe03">
            <startTarget attacherJointIndices="2 5" type="TOOL_CONNECTOR_BOTTOM_03" node="bottomPipe03_frontConnector"/>
            <endTarget attacherJointIndices="1 3 4" type="TOOL_CONNECTOR_BOTTOM_03" node="bottomPipe03_backConnector"/>
        </toolConnectorHose>

        <toolConnectorHose mountingNode="bottomPipe04">
            <startTarget attacherJointIndices="2 5" type="TOOL_CONNECTOR_BOTTOM_04" node="bottomPipe04_frontConnector"/>
            <endTarget attacherJointIndices="1 3 4" type="TOOL_CONNECTOR_BOTTOM_04" node="bottomPipe04_backConnector"/>
        </toolConnectorHose>
		
    </connectionHoses>

	<fillUnit>
        <fillUnitConfigurations>
            <fillUnitConfiguration>
                <fillUnits>
                    <fillUnit unit="$l10n_unit_literShort" showOnHud="false" showInShop="false" fillTypes="diesel" capacity="250" >
                        <dashboard displayType="ANIMATION" valueType="fillLevel" animName="loadingBarFuel" groups="MOTOR_ACTIVE"/>
                    </fillUnit>
                    <fillUnit unit="$l10n_unit_literShort" showOnHud="false" showInShop="false" fillTypes="def" capacity="39" />
                    <fillUnit unit="$l10n_unit_literShort" showOnHud="false" showInShop="false" fillTypes="air" capacity="3000" />
                </fillUnits>
            </fillUnitConfiguration>
        </fillUnitConfigurations>
    </fillUnit>

	<honk>
        <sound template="HONK_JD6250R" />
    </honk>
	
	<dashboard>
        <groups>
            <group name="MOTOR_STARTING" isMotorStarting="true"/>
            <group name="MOTOR_ACTIVE"   isMotorStarting="true" isMotorRunning="true"/>
        </groups>
		<default>
            <dashboard displayType="VISIBILITY" node="interiorScreenLight" groups="MOTOR_ACTIVE" />
			<dashboard displayType="VISIBILITY" node="numbersSpeed1" groups="MOTOR_ACTIVE" />
			<dashboard displayType="VISIBILITY" node="numbersRpm1" groups="MOTOR_ACTIVE" />
			<dashboard displayType="VISIBILITY" node="indoorHuds" groups="MOTOR_ACTIVE" />
		</default>
    </dashboard>
	
    <ai>
        <collisionTrigger node="aiCollisionTrigger"/>
    </ai>
	
	<foliageBending>
        <bendingNode minX="-1.3" maxX="1.3" minZ="-0.5" maxZ="2.3" yOffset="0.6" />
        <bendingNode minX="-1.35" maxX="1.35" minZ="-2.6" maxZ="-0.5" yOffset="0.6" />
    </foliageBending>
	
    <wearable wearDuration="480" workMultiplier="5" fieldMultiplier="2"/>
	<washable dirtDuration="60" washDuration="1" workMultiplier="8"/>
	
	<i3dMappings>
        <i3dMapping id="JohnDeere7010_main_component1" node="0>" />
        <i3dMapping id="7010_vis" node="0>0" />
        <i3dMapping id="wheelBackLeft" node="0>0|0|0" />
        <i3dMapping id="wheelBackRight" node="0>0|0|1" />
        <i3dMapping id="outdoorCameraTarget" node="0>0|1|0" />
        <i3dMapping id="outdoorCamera1" node="0>0|1|0|0" />
        <i3dMapping id="indoorCamera1" node="0>0|1|1" />
        <i3dMapping id="cameraRaycastNode1" node="0>0|1|2" />
        <i3dMapping id="cameraRaycastNode2" node="0>0|1|3" />
        <i3dMapping id="cameraRaycastNode3" node="0>0|1|4" />
        <i3dMapping id="shadowFocusBox" node="0>0|1|5" />
        <i3dMapping id="exitPoint" node="0>0|2" />
        <i3dMapping id="attacherJointBackRot" node="0>0|3|0|0" />
        <i3dMapping id="attacherJointBackRot2" node="0>0|3|0|0|0" />
        <i3dMapping id="attacherJointBack" node="0>0|3|0|0|0|0" />
        <i3dMapping id="attacherJointBackArmBottom" node="0>0|3|0|1" />
        <i3dMapping id="backBottomLink" node="0>0|3|0|1|0" />
        <i3dMapping id="mainArmRef" node="0>0|3|0|1|0|1" />
        <i3dMapping id="referencePointBackBottom" node="0>0|3|0|1|0|0" />
        <i3dMapping id="bottomLinkRightRef" node="0>0|3|0|1|0|2" />
        <i3dMapping id="bottomLinkLeftRef" node="0>0|3|0|1|0|3" />
        <i3dMapping id="attacherJointBackArmTop" node="0>0|3|0|2" />
        <i3dMapping id="attacherJointFrontRot" node="0>0|3|0|3" />
        <i3dMapping id="attacherJointFrontRot2" node="0>0|3|0|3|0" />
        <i3dMapping id="attacherJointFront" node="0>0|3|0|3|0|0" />
        <i3dMapping id="attacherJointFrontArmBottom" node="0>0|3|0|4" />
        <i3dMapping id="bottomLinkFront" node="0>0|3|0|4|0" />
        <i3dMapping id="referencePointFrontBottom" node="0>0|3|0|4|0|0" />
        <i3dMapping id="bottomArmRight" node="0>0|3|0|4|0|1|0|0" />
		<i3dMapping id="bottomArmLeft" node="0>0|3|0|4|0|1|1|0" />
        <i3dMapping id="bottomLinkFrontHydraulicRef" node="0>0|3|0|4|0|2" />
        <i3dMapping id="attacherJointFrontArmTop" node="0>0|3|0|5" />
        <i3dMapping id="trailerAttacherNode" node="0>0|3|1|0" />
        <i3dMapping id="trailerAttacherJointBack" node="0>0|3|1|0|0" />
        <i3dMapping id="trailerLowNode" node="0>0|3|1|1" />
        <i3dMapping id="trailerAttacherJointBackLow" node="0>0|3|1|1|0" />
        <i3dMapping id="trailerAttacherJointFront" node="0>0|3|1|2" />
        <i3dMapping id="ptoBack" node="0>0|3|2|0" />
        <i3dMapping id="ptoFront" node="0>0|3|2|1" />
        <i3dMapping id="backElectric" node="0>0|3|3|0" />
		<i3dMapping id="airDoubleY" node="0>0|3|3|9|0" />
		<i3dMapping id="airDoubleR" node="0>0|3|3|10|0" />
		<i3dMapping id="cabY" node="0>0|3|3|9|1" />
		<i3dMapping id="cabR" node="0>0|3|3|10|1" />
        <i3dMapping id="hydraulic01_in" node="0>0|3|3|1" />
        <i3dMapping id="hydraulic01_in_cover" node="0>0|3|3|1|0" />
        <i3dMapping id="hydraulic01_out" node="0>0|3|3|2" />
        <i3dMapping id="hydraulic01_out_cover" node="0>0|3|3|2|0" />
        <i3dMapping id="hydraulic02_in" node="0>0|3|3|3" />
        <i3dMapping id="hydraulic02_in_cover" node="0>0|3|3|3|0" />
        <i3dMapping id="hydraulic02_out" node="0>0|3|3|4" />
        <i3dMapping id="hydraulic02_out_cover" node="0>0|3|3|4|0" />
        <i3dMapping id="hydraulic03_in" node="0>0|3|3|5" />
        <i3dMapping id="hydraulic03_in_cover" node="0>0|3|3|5|0" />
        <i3dMapping id="hydraulic03_out" node="0>0|3|3|6" />
        <i3dMapping id="hydraulic03_out_cover" node="0>0|3|3|6|0" />
        <i3dMapping id="hydraulic04_in" node="0>0|3|3|7" />
        <i3dMapping id="hydraulic04_in_cover" node="0>0|3|3|7|0" />
        <i3dMapping id="hydraulic04_out" node="0>0|3|3|8" />
        <i3dMapping id="hydraulic04_out_cover" node="0>0|3|3|8|0" />
        <!-- Pipes für Sämaschine -->
		<i3dMapping id="rightPipe" node="0>0|3|4|0" />
        <i3dMapping id="rightPipe_frontConnector" node="0>0|3|4|0|0" />
        <i3dMapping id="rightPipe_backConnector" node="0>0|3|4|0|1" />
        <i3dMapping id="bottomPipe01" node="0>0|3|4|1" />
        <i3dMapping id="bottomPipe01_frontConnector" node="0>0|3|4|1|0" />
        <i3dMapping id="bottomPipe01_backConnector" node="0>0|3|4|1|1" />
        <i3dMapping id="bottomPipe02" node="0>0|3|4|2" />
        <i3dMapping id="bottomPipe02_frontConnector" node="0>0|3|4|2|0" />
        <i3dMapping id="bottomPipe02_backConnector" node="0>0|3|4|2|1" />
        <i3dMapping id="bottomPipe03" node="0>0|3|4|3" />
        <i3dMapping id="bottomPipe03_frontConnector" node="0>0|3|4|3|0" />
        <i3dMapping id="bottomPipe03_backConnector" node="0>0|3|4|3|1" />
        <i3dMapping id="bottomPipe04" node="0>0|3|4|4" />
        <i3dMapping id="bottomPipe04_frontConnector" node="0>0|3|4|4|0" />
        <i3dMapping id="bottomPipe04_backConnector" node="0>0|3|4|4|1" />
		
		<i3dMapping id="frontLightRectangle_02_Left" node="0>0|4|5|0" />
		<i3dMapping id="frontLightRectangle_02_Right" node="0>0|4|5|1" />
		<i3dMapping id="workingLightSquare_04_left" node="0>0|4|5|2" />
		<i3dMapping id="workingLightSquare_04_right" node="0>0|4|5|3" />
        <i3dMapping id="frontLightsStatic" node="0>0|4|0|0" />
        <i3dMapping id="positionLightsStatic" node="0>0|4|0|1" />
        <i3dMapping id="positionLightsStatic1" node="0>0|4|0|2" />
		<i3dMapping id="frontLightsLow" node="0>0|4|0|3" />
        <i3dMapping id="frontLightLow" node="0>0|4|1|0" />
        <i3dMapping id="frontLightHigh" node="0>0|4|1|2" />
        <i3dMapping id="highBeamHigh" node="0>0|4|1|3" />
		<i3dMapping id="highBeamLow" node="0>0|4|1|1" />
		<i3dMapping id="frontLightTop02" node="0>0|4|1|4" />
        <i3dMapping id="workLightFrontLow" node="0>0|4|2|0" />
        <i3dMapping id="workLightFrontHigh1" node="0>0|4|2|1" />
        <i3dMapping id="workLightBackLow" node="0>0|4|2|2" />
        <i3dMapping id="workLightBackHigh1" node="0>0|4|2|3" />
        <i3dMapping id="backLightsHigh" node="0>0|4|3|0" />
		<i3dMapping id="backLightsHigh2" node="0>0|4|3|1" />
        <i3dMapping id="turnLightLeftFront" node="0>0|4|4|0" />
        <i3dMapping id="turnLightRightFront" node="0>0|4|4|1" />
        <i3dMapping id="weightsholder" node="0>0|11|0" />
        <i3dMapping id="attacherHyd" node="0>0|12|9" />
        <!-- <i3dMapping id="seat" node="0>0|5|0|0" /> -->
        <i3dMapping id="playerSkin" node="0>0|5|0" />
        <!-- <i3dMapping id="joystick" node="0>0|5|0|0|1|1|0" /> -->
        <i3dMapping id="playerRightHandTarget" node="0>0|12|3|7|0|0|1|0|0" />
        <i3dMapping id="fuelLoadingBar" node="0>0|12|3|7|0|4|5|13" />
        <i3dMapping id="tempLoadingBar" node="0>0|12|3|7|0|4|4|13" />
        <i3dMapping id="numbersSpeed" node="0>0|12|3|7|0|4|1" />
        <i3dMapping id="numbersTime" node="0>0|12|3|6|0" />
        <i3dMapping id="interiorScreenLight" node="0>0|4|1|5" />
		<i3dMapping id="dashboard" node="0>0|12|4" />
        <i3dMapping id="lightPanel" node="0>0|12|5" />
        <i3dMapping id="steeringWheel" node="0>0|12|3|7|0|0|1|0" />
        <i3dMapping id="playerLeftHandTarget" node="0>0|12|3|7|0|0|1|0|1" />
        <i3dMapping id="backlightStatic" node="0>0|4|0|6" />
        <i3dMapping id="rearLightOvalLEDOrange_01_left" node="0>0|4|5|4" />
        <i3dMapping id="rearLightOvalLEDOrange_01_right" node="0>0|4|5|5" />
        <i3dMapping id="worklightFrontStatic" node="0>0|4|0|5" />
        <i3dMapping id="worklightBackStatic" node="0>0|4|0|4" />
        <i3dMapping id="brakelightStatic" node="0>0|4|0|7" />
        <i3dMapping id="beaconLightLeft" node="0>0|11|4|0" />
        <i3dMapping id="beaconLightRight" node="0>0|11|5|0" />
		<i3dMapping id="motorFan" node="0>0|12|7|6|1" />
		<i3dMapping id="indoorHuds" node="0>0|12|3|7|0|4" />
        <i3dMapping id="numbersRpm" node="0>0|12|3|7|0|4|0" />
        <i3dMapping id="numbersSpeed1" node="0>0|12|3|10" />
        <i3dMapping id="numbersRpm1" node="0>0|12|3|11" />
        <i3dMapping id="playerRightFootTarget" node="0>0|5|1" />
        <i3dMapping id="playerLeftFootTarget" node="0>0|5|2" />
        <i3dMapping id="mirrorsDecal1" node="0>0|10|0|0" />
        <i3dMapping id="mirrorsDecal2" node="0>0|10|1|0" />
        <i3dMapping id="mudGuard" node="0>0|12|7|1" />
		<i3dMapping id="wideMudGuard" node="0>0|12|7|2" />
        <i3dMapping id="mainArm" node="0>0|6|0" />
        <i3dMapping id="mainArmPart" node="0>0|6|0|0" />
        <i3dMapping id="mainArmHydraulicRef" node="0>0|6|0|1" />
        <i3dMapping id="mainArmHydraulic" node="0>0|6|1" />
        <i3dMapping id="mainArmHydraulicPunch" node="0>0|6|1|0" />
        <i3dMapping id="bottomLinkFrontHydraulic" node="0>0|6|2|0" />
        <i3dMapping id="bottomLinkFrontHydraulicPunch" node="0>0|6|2|0|0" />
        <i3dMapping id="frontAxisJoint" node="0>0|0|2" />
        <i3dMapping id="exhaustParticles1" node="0>0|8|0" />
        <i3dMapping id="aiCollisionTrigger" node="0>0|7|0" />
        <i3dMapping id="7610_decal" node="0>0|11|1|0" />
        <i3dMapping id="7710_decal" node="0>0|11|2|0" />
        <i3dMapping id="7810_decal" node="0>0|11|3|0" />
        <i3dMapping id="axisFrontLeft" node="1>0|0|0" />
        <i3dMapping id="wheelFrontLeft" node="1>0|0|0|0|0" />
        <i3dMapping id="fenderFrontLeft" node="1>0|0|0|0|1" />
        <i3dMapping id="steeringBar" node="1>0|0|0|0|2" />
        <i3dMapping id="frontLeftSteeringHydraulicRef" node="1>0|0|0|0|3" />
        <i3dMapping id="axisFrontRight" node="1>0|1|0" />
        <i3dMapping id="wheelFrontRight" node="1>0|1|0|0|0" />
        <i3dMapping id="fenderFrontRight" node="1>0|1|0|0|1" />
        <i3dMapping id="frontRightSteeringHydraulicRef" node="1>0|1|0|0|3" />
        <i3dMapping id="steeringBarRef" node="1>0|1|0|0|2" />
        <i3dMapping id="axisFrontLeftPto" node="1>1|2" />
        <i3dMapping id="axisFrontRightPto" node="1>1|3" />
        <i3dMapping id="frontLeftSteeringHydraulic" node="1>1|0|0" />
        <i3dMapping id="frontLeftSteeringHydraulicPunch" node="1>1|0|0|0" />
        <i3dMapping id="frontRightSteeringHydraulic" node="1>1|1|0" />
        <i3dMapping id="frontRightSteeringHydraulicPunch" node="1>1|1|0|0" />
		<i3dMapping id="windowBack" node="0>0|12|3|0" />
		<i3dMapping id="doorLeft" node="0>0|12|3|2" />
		<i3dMapping id="turnlightLeft01_decal" node="0>0|12|3|7|0|4|7|0" />
		<i3dMapping id="turnlightRight02_decal" node="0>0|12|3|7|0|4|8|0" />
		<i3dMapping id="hazard" node="0>0|12|3|7|0|4|9|0" />
		
		<!-- LS19 Player Zeugs -->
		<!-- Gerade kein Bock ... kommt später
		<i3dMapping id="gasPedal" node="0>0|12|0|8" />
        <i3dMapping id="playerRightFootTargetGasRef" node="0>0|12|0|9" />
        <i3dMapping id="playerRightFootTargetGas" node="0>0|12|0|10" />
        <i3dMapping id="brakePedal" node="0>0|9|3|2" />
        <i3dMapping id="playerRightFootTargetBrake" node="0>0|12|0|11" />
		-->
		
		<!-- simpleIC Mappings -->
		<i3dMapping id="sIC_playerTrigger" node="0>0|12|12" />
		<i3dMapping id="sIC_windowBackInside" node="0>0|12|3|0|4" />
		<i3dMapping id="sIC_doorLeftInside" node="0>0|12|3|2|2" />
		<i3dMapping id="sIC_doorLeftOutside" node="0>0|12|3|2|1" />
		<i3dMapping id="sIC_rearAttacherUp" node="0>0|12|13" />
		<i3dMapping id="sIC_rearAttacherDown" node="0>0|12|14" />
		<i3dMapping id="rearWindowLeftCylinder" 	node="0>0|12|3|0|3|0|0" />
		<i3dMapping id="rearWindowLeftCylinderInside" 	node="0>0|12|3|8|0" />
		<i3dMapping id="rearWindowRightCylinder" 	node="0>0|12|3|0|3|1|0" />
		<i3dMapping id="rearWindowRightCylinderInside" 	node="0>0|12|3|9|0" />
		
		<!-- zusätzliche Displays -->
		<i3dMapping id="numbersTirePressure"            node="0>0|16|0" />
		
    </i3dMappings>
</vehicle>
