<?xml version="1.0" encoding="utf-8" standalone="no"?>
<modDesc descVersion="42">
    <author>IPF/Virtual Agriculture Modding,STv-Modding,LS-Farmers</author>
    <version>1.1.0.0.5</version>
    <title>
        <en>John Deere 7010 Pack</en>
    </title>
    <description>
        <en>John Deere 7010 Pack</en>
    </description>
    <iconFilename>store_7010.png</iconFilename>
    <multiplayer supported="true"/>
	
    <storeItems>
        <storeItem rootNode="vehicle" xmlFilename="JohnDeere7010.xml"/>
    </storeItems>
	
</modDesc>
