<?xml version="1.0" encoding="utf-8" standalone="no" ?>
<wheel>
    <default>
        <physics radius="0.746" width="0.6" mass="0.196" tireType="mud" frictionScale="1.60" maxLongStiffness="10" maxLatStiffness="120" maxLatStiffnessLoad="2" />
        <tire filename="$data/shared/wheels/trelleborg/TM800/R28_TM800.i3d" nodeLeft="4|0" nodeRight="4|0" maxDeformation="0.078" isCareWheel="false" tireTrackAtlasIndex="0" />
        <!-- <outerRim filename="$data/shared/wheels/rims/rim001.i3d" node="1|0" widthAndDiam="18 28" /> -->
        <innerRim filename="wheels/rims.i3d" nodeLeft="0|0" nodeRight="0|1" scale="0.82 1 1" />
    </default>
	<configurations>
		<configuration id="tirePressureSystem" >
            <additional filename="hub/hub.i3d" nodeLeft="0|0" nodeRight="0|1" offset="-0.09" scale="0.7 0.7 0.7"/>
        </configuration>
    </configurations>
</wheel>
